source,target,code
/travis-japan-is-kaito-miyachik-177,https://chomoand-4.blog/?p=19,301
/kerutomeru-wanganfes-chusen-kakuritsu-184,https://chomoand-4.blog/?p=22,301
/when-did-arashis-personal-fan-162,https://chomoand-4.blog/?p=28,301
/chronology-of-joining-starto-f-202,https://chomoand-4.blog/?p=30,301
/where-is-yonino-channels-shrin-218,https://chomoand-4.blog/?p=32,301
/satoshi-ohnos-new-tattoo-is-a-230,https://chomoand-4.blog/?p=37,301
/summary-of-fan-names-of-former-243,https://chomoand-4.blog/?p=39,301
/timelesz-where-do-masaki-hashi-249,https://chomoand-4.blog/?p=41,301
/where-does-kaito-miyachika-get-279,https://chomoand-4.blog/?p=46,301
/what-brand-of-glasses-does-kai-286,https://chomoand-4.blog/?p=49,301
/which-members-of-travis-japan-287,https://chomoand-4.blog/?p=51,301
/tanaka-minami-wedding-ring-graff-273,https://chomoand-4.blog/?p=55,301
/is-travis-japans-fishing-pond-283,https://chomoand-4.blog/?p=57,301
/travis-japan-what-is-kaito-nak-312,https://chomoand-4.blog/?p=59,301
/identify-daisuke-sakumas-priva-319,https://chomoand-4.blog/?p=61,301
/where-can-i-buy-the-one-piece-348,https://chomoand-4.blog/?p=65,301
/were-there-9-initial-members-o-330,https://chomoand-4.blog/?p=67,301
/what-brand-of-shirt-and-socks-335,https://chomoand-4.blog/?p=72,301
/kawashima-nyoerus-sneakers-are-465,https://chomoand-4.blog/?p=76,301
/what-brand-of-sneakers-is-kait-459,https://chomoand-4.blog/?p=80,301
/just-where-is-the-sendai-filmi-434,https://chomoand-4.blog/?p=85,301
/what-is-kaito-miyachikas-apple-428,https://chomoand-4.blog/?p=88,301
/what-brand-is-kaito-miyachikas-casual-t-355,https://chomoand-4.blog/?p=92,301
/what-is-the-true-identity-of-n-337,https://chomoand-4.blog/?p=95,301
/where-is-tatsuya-shichigosanka-388,https://chomoand-4.blog/?p=98,301
/is-pinks-hot-dogs-coming-to-ja-383,https://chomoand-4.blog/?p=103,301
/when-and-where-will-travis-jap-399,https://chomoand-4.blog/?p=108,301
/what-about-tatsuya-shichigosan-488,https://chomoand-4.blog/?p=111,301
/kaito-matsukuras-earrings-have-612,https://chomoand-4.blog/?p=115,301
/where-was-the-video-meet-genta-562,https://chomoand-4.blog/?p=122,301
/what-is-genta-matsudas-dressin-625,https://chomoand-4.blog/?p=129,301
/when-does-genta-meshi-soda-rel-607,https://chomoand-4.blog/?p=132,301
/where-is-the-shirt-worn-by-tat-505,https://chomoand-4.blog/?p=137,301
/what-shoes-did-travis-japan-we-517,https://chomoand-4.blog/?p=142,301
/shimekake-ryuya-loewe-yellow-t-759,https://chomoand-4.blog/?p=145,301
/is-kaito-miyachikas-casual-t-s-522,https://chomoand-4.blog/?p=149,301
/is-kaito-matsukuras-ring-a-chr-528,https://chomoand-4.blog/?p=154,301
/what-brand-is-kaito-matsukuras-sneakers-star-486,https://chomoand-4.blog/?p=158,301
/why-did-torajas-member-colors-538,https://chomoand-4.blog/?p=161,301
/how-much-is-the-gift-yamazaki-572,https://chomoand-4.blog/?p=168,301
/what-brand-are-kaito-miyachika-555,https://chomoand-4.blog/?p=171,301
/what-brand-is-kaito-matsukuras-tshirt-595,https://chomoand-4.blog/?p=174,301
