source,target
https://chomoand-0.com/what-brand-is-kaito-matsukuras-tshirt-595,https://chomoand-4.blog/what-brand-is-kaito-matsukuras-tshirt-174
https://chomoand-0.com/what-brand-are-kaito-miyachika-555,https://chomoand-4.blog/what-brand-are-kaito-miyachika-171
https://chomoand-0.com/how-much-is-the-gift-yamazaki-572,https://chomoand-4.blog/how-much-is-the-gift-yamazaki-168
https://chomoand-0.com/why-did-torajas-member-colors-538,https://chomoand-4.blog/why-did-torajas-member-colors-161
https://chomoand-0.com/what-brand-is-kaito-matsukuras-sneakers-star-486,https://chomoand-4.blog/what-brand-is-kaito-matsukuras-sneakers-star-158
https://chomoand-0.com/is-kaito-matsukuras-ring-a-chr-528,https://chomoand-4.blog/is-kaito-matsukuras-ring-a-chr-154
https://chomoand-0.com/is-kaito-miyachikas-casual-t-s-522,https://chomoand-4.blog/is-kaito-miyachikas-casual-t-s-149
https://chomoand-0.com/shimekake-ryuya-loewe-yellow-t-759,https://chomoand-4.blog/shimekake-ryuya-loewe-yellow-t-145
https://chomoand-0.com/what-shoes-did-travis-japan-we-517,https://chomoand-4.blog/what-shoes-did-travis-japan-we-142
https://chomoand-0.com/where-is-the-shirt-worn-by-tat-505,https://chomoand-4.blog/where-is-the-shirt-worn-by-tat-137
https://chomoand-0.com/when-does-genta-meshi-soda-rel-607,https://chomoand-4.blog/when-does-genta-meshi-soda-rel-132
https://chomoand-0.com/what-is-genta-matsudas-dressin-625,https://chomoand-4.blog/what-is-genta-matsudas-dressin-129
https://chomoand-0.com/where-was-the-video-meet-genta-562,https://chomoand-4.blog/where-was-the-video-meet-genta-122
https://chomoand-0.com/kaito-matsukuras-earrings-have-612,https://chomoand-4.blog/kaito-matsukuras-earrings-have-115
https://chomoand-0.com/what-about-tatsuya-shichigosan-488,https://chomoand-4.blog/what-about-tatsuya-shichigosan-111
https://chomoand-0.com/when-and-where-will-travis-jap-399,https://chomoand-4.blog/when-and-where-will-travis-jap-108
https://chomoand-0.com/is-pinks-hot-dogs-coming-to-ja-383,https://chomoand-4.blog/is-pinks-hot-dogs-coming-to-ja-103
https://chomoand-0.com/where-is-tatsuya-shichigosanka-388,https://chomoand-4.blog/where-is-tatsuya-shichigosanka-98
https://chomoand-0.com/what-is-the-true-identity-of-n-337,https://chomoand-4.blog/what-is-the-true-identity-of-n-95
https://chomoand-0.com/what-brand-is-kaito-miyachikas-casual-t-355,https://chomoand-4.blog/what-brand-is-kaito-miyachikas-casual-t-92
https://chomoand-0.com/what-is-kaito-miyachikas-apple-428,https://chomoand-4.blog/what-is-kaito-miyachikas-apple-88
https://chomoand-0.com/just-where-is-the-sendai-filmi-434,https://chomoand-4.blog/just-where-is-the-sendai-filmi-85
https://chomoand-0.com/what-brand-of-sneakers-is-kait-459,https://chomoand-4.blog/what-brand-of-sneakers-is-kait-80
https://chomoand-0.com/kawashima-nyoerus-sneakers-are-465,https://chomoand-4.blog/kawashima-nyoerus-sneakers-are-76
https://chomoand-0.com/what-brand-of-shirt-and-socks-335,https://chomoand-4.blog/what-brand-of-shirt-and-socks-72
https://chomoand-0.com/were-there-9-initial-members-o-330,https://chomoand-4.blog/were-there-9-initial-members-o-67
https://chomoand-0.com/where-can-i-buy-the-one-piece-348,https://chomoand-4.blog/where-can-i-buy-the-one-piece-65
https://chomoand-0.com/travis-japan-what-is-kaito-nak-312,https://chomoand-4.blog/travis-japan-what-is-kaito-nak-59
https://chomoand-0.com/is-travis-japans-fishing-pond-283,https://chomoand-4.blog/is-travis-japans-fishing-pond-57
https://chomoand-0.com/which-members-of-travis-japan-287,https://chomoand-4.blog/which-members-of-travis-japan-51
https://chomoand-0.com/what-brand-of-glasses-does-kai-286,https://chomoand-4.blog/what-brand-of-glasses-does-kai-49
https://chomoand-0.com/where-does-kaito-miyachika-get-279,https://chomoand-4.blog/where-does-kaito-miyachika-get-46
https://chomoand-0.com/kerutomeru-wanganfes-chusen-kakuritsu-184,https://chomoand-4.blog/kerutomeru-wanganfes-chusen-kakuritsu-22
https://chomoand-0.com/travis-japan-is-kaito-miyachik-177,https://chomoand-4.blog/travis-japan-is-kaito-miyachik-19
